page,productName,productPrice,productImage,redirectPage
https://www.vatanbilgisayar.com/apple/cep-telefonu-modelleri/?page=1,iPhone 11 64 GB AKILLI TELEFON YEŞİL,7.499,https://cdn.vatanbilgisayar.com/Upload/PRODUCT/apple/thumb/113160_small.jpg,/iphone-11-64-gb-akilli-telefon-yesil-113160.html
https://www.vatanbilgisayar.com/apple/cep-telefonu-modelleri/?page=1,iPhone 11 64 GB AKILLI TELEFON MOR,7.499,https://cdn.vatanbilgisayar.com/Upload/PRODUCT/apple/thumb/113159_small.jpg,/iphone-11-64-gb-akilli-telefon-mor-113159.html
https://www.vatanbilgisayar.com/apple/cep-telefonu-modelleri/?page=1,iPhone 11 64 GB AKILLI TELEFON SARI,7.499,https://cdn.vatanbilgisayar.com/Upload/PRODUCT/apple/thumb/113158_small.jpg,/iphone-11-64-gb-akilli-telefon-sari-113158.html
https://www.vatanbilgisayar.com/apple/cep-telefonu-modelleri/?page=1,iPhone 11 64 GB AKILLI TELEFON KIRMIZI,7.499,https://cdn.vatanbilgisayar.com/Upload/PRODUCT/apple/thumb/113157_small.jpg,/iphone-11-64-gb-akilli-telefon-kirmizi-113157.html
https://www.vatanbilgisayar.com/apple/cep-telefonu-modelleri/?page=1,iPhone 11 64 GB AKILLI TELEFON BEYAZ,7.499,https://cdn.vatanbilgisayar.com/Upload/PRODUCT/apple/thumb/113156_small.jpg,/iphone-11-64-gb-akilli-telefon-beyaz.html
https://www.vatanbilgisayar.com/apple/cep-telefonu-modelleri/?page=1,iPhone 11 64 GB AKILLI TELEFON SİYAH,7.499,https://cdn.vatanbilgisayar.com/Upload/PRODUCT/apple/thumb/113155_small.jpg,/iphone-11-64-gb-akilli-telefon-siyah-113155.html
https://www.vatanbilgisayar.com/apple/cep-telefonu-modelleri/?page=1,iPhone 11 256 GB AKILLI TELEFON YEŞİL,9.299,https://cdn.vatanbilgisayar.com/Upload/PRODUCT/apple/thumb/113154_small.jpg,/iphone-11-256-gb-akilli-telefon-yesil-113154.html
https://www.vatanbilgisayar.com/apple/cep-telefonu-modelleri/?page=1,iPhone 11 256 GB AKILLI TELEFON MOR,9.299,https://cdn.vatanbilgisayar.com/Upload/PRODUCT/apple/thumb/113153_small.jpg,/iphone-11-256-gb-akilli-telefon-mor-113153.html
https://www.vatanbilgisayar.com/apple/cep-telefonu-modelleri/?page=1,iPhone 11 256 GB AKILLI TELEFON SARI,9.299,https://cdn.vatanbilgisayar.com/Upload/PRODUCT/apple/thumb/113152_small.jpg,/iphone-11-256-gb-akilli-telefon-sari-113152.html
https://www.vatanbilgisayar.com/apple/cep-telefonu-modelleri/?page=1,iPhone 11 256 GB AKILLI TELEFON KIRMIZI,9.299,https://cdn.vatanbilgisayar.com/Upload/PRODUCT/apple/thumb/113151_small.jpg,/iphone-11-256-gb-akilli-telefon-kirmizi-113151.html
https://www.vatanbilgisayar.com/apple/cep-telefonu-modelleri/?page=1,iPhone 11 256 GB AKILLI TELEFON BEYAZ,9.299,https://cdn.vatanbilgisayar.com/Upload/PRODUCT/apple/thumb/113150_small.jpg,/iphone-11-256-gb-akilli-telefon-beyaz-113150.html
https://www.vatanbilgisayar.com/apple/cep-telefonu-modelleri/?page=1,iPhone 11 256 GB AKILLI TELEFON SİYAH,9.299,https://cdn.vatanbilgisayar.com/Upload/PRODUCT/apple/thumb/113149_small.jpg,/iphone-11-256-gb-akilli-telefon-siyah-113149.html
https://www.vatanbilgisayar.com/apple/cep-telefonu-modelleri/?page=1,iPhone 11 128 GB AKILLI TELEFON YEŞİL,7.999,https://cdn.vatanbilgisayar.com/Upload/PRODUCT/apple/thumb/113148_small.jpg,/iphone-11-128-gb-akilli-telefon-yesil-113148.html
https://www.vatanbilgisayar.com/apple/cep-telefonu-modelleri/?page=1,iPhone 11 128 GB AKILLI TELEFON MOR,7.999,https://cdn.vatanbilgisayar.com/Upload/PRODUCT/apple/thumb/113147_small.jpg,/iphone-11-128-gb-akilli-telefon-mor-113147.html
https://www.vatanbilgisayar.com/apple/cep-telefonu-modelleri/?page=1,iPhone 11 128 GB AKILLI TELEFON SARI,7.999,https://cdn.vatanbilgisayar.com/Upload/PRODUCT/apple/thumb/113146_small.jpg,/iphone-11-128-gb-akilli-telefon-sari-113146.html
https://www.vatanbilgisayar.com/apple/cep-telefonu-modelleri/?page=1,iPhone 11 128 GB AKILLI TELEFON BEYAZ,7.999,https://cdn.vatanbilgisayar.com/Upload/PRODUCT/apple/thumb/113144_small.jpg,/iphone-11-128-gb-akilli-telefon-beyaz-113144.html
https://www.vatanbilgisayar.com/apple/cep-telefonu-modelleri/?page=5,iPhone 12 MİNİ 64 GB AKILLI TELEFON SİYAH,9.999,https://cdn.vatanbilgisayar.com/Upload/PRODUCT/apple/thumb/110393_small.jpg,/iphone-12-mini-akilli-telefon.html
https://www.vatanbilgisayar.com/apple/cep-telefonu-modelleri/?page=5,iPhone 12 PRO 128 GB AKILLI TELEFON GRAFİT,14.999,https://cdn.vatanbilgisayar.com/Upload/PRODUCT/apple/thumb/110392-1-27_small.jpg,/iphone-12-pro-akilli-telefon.html
https://www.vatanbilgisayar.com/apple/cep-telefonu-modelleri/?page=5,iPhone 12 64 GB AKILLI TELEFON SİYAH,10.999,https://cdn.vatanbilgisayar.com/Upload/PRODUCT/apple/thumb/108883-anaaa_small.jpg,/iphone-12-akilli-telefon.html
https://www.vatanbilgisayar.com/apple/cep-telefonu-modelleri/?page=6,iPhone 11 PRO 256 GB ALTIN,13.299,https://cdn.vatanbilgisayar.com/Upload/PRODUCT/apple/thumb/TeoriV2-104314_small.jpg,/iphone-11-pro-256-gb-altin.html
https://www.vatanbilgisayar.com/apple/cep-telefonu-modelleri/?page=5,iPhone SE 256 GB AKILLI TELEFON KIRMIZI,5.999,https://cdn.vatanbilgisayar.com/Upload/PRODUCT/apple/thumb/TeoriV2-106869-2_small.jpg,/iphone-se-256-gb-akilli-telefon-kirmizi.html
https://www.vatanbilgisayar.com/apple/cep-telefonu-modelleri/?page=5,iPhone SE 256 GB AKILLI TELEFON BEYAZ,5.999,https://cdn.vatanbilgisayar.com/Upload/PRODUCT/apple/thumb/TeoriV2-106868-2_small.jpg,/iphone-se-256-gb-akilli-telefon-beyaz.html
https://www.vatanbilgisayar.com/apple/cep-telefonu-modelleri/?page=5,iPhone SE 256 GB AKILLI TELEFON SİYAH,5.999,https://cdn.vatanbilgisayar.com/Upload/PRODUCT/apple/thumb/TeoriV2-106867-2_small.jpg,/iphone-se-256-gb-akilli-telefon-siyah.html
https://www.vatanbilgisayar.com/apple/cep-telefonu-modelleri/?page=6,iPhone 11 PRO 256 GB GÜMÜŞ,13.299,https://cdn.vatanbilgisayar.com/Upload/PRODUCT/apple/thumb/TeoriV2-104313_small.jpg,/iphone-11-pro-256-gb-gumus.html
https://www.vatanbilgisayar.com/apple/cep-telefonu-modelleri/?page=6,iPhone 11 PRO 64 GB ALTIN,11.999,https://cdn.vatanbilgisayar.com/Upload/PRODUCT/apple/thumb/TeoriV2-104311_small.jpg,/iphone-11-pro-64-gb-altin.html
https://www.vatanbilgisayar.com/apple/cep-telefonu-modelleri/?page=6,iPhone 8 128GB AKILLI TELEFON ALTIN,5.699,https://cdn.vatanbilgisayar.com/Upload/PRODUCT/apple/thumb/TeoriV2-104189_small.jpg,/iphone-8-128gb-akilli-telefon-altin.html
https://www.vatanbilgisayar.com/apple/cep-telefonu-modelleri/?page=5,iPhone SE 128 GB AKILLI TELEFON KIRMIZI,5.549,https://cdn.vatanbilgisayar.com/Upload/PRODUCT/apple/thumb/TeoriV2-106866-2_small.jpg,/iphone-se-128-gb-akilli-telefon-kirmizi.html
https://www.vatanbilgisayar.com/apple/cep-telefonu-modelleri/?page=6,iPhone 8 128GB AKILLI TELEFON GUMUŞ,5.699,https://cdn.vatanbilgisayar.com/Upload/PRODUCT/apple/thumb/TeoriV2-104188_small.jpg,/iphone-8-akilli-telefon.html
https://www.vatanbilgisayar.com/apple/cep-telefonu-modelleri/?page=5,iPhone SE 128 GB AKILLI TELEFON BEYAZ,5.549,https://cdn.vatanbilgisayar.com/Upload/PRODUCT/apple/thumb/TeoriV2-106865-2_small.jpg,/iphone-se-128-gb-akilli-telefon-beyaz.html
https://www.vatanbilgisayar.com/apple/cep-telefonu-modelleri/?page=5,iPhone SE 128 GB AKILLI TELEFON SİYAH,5.549,https://cdn.vatanbilgisayar.com/Upload/PRODUCT/apple/thumb/TeoriV2-106864-2_small.jpg,/iphone-se-128-gb-akilli-telefon-siyah.html
https://www.vatanbilgisayar.com/apple/cep-telefonu-modelleri/?page=2,iPhone 11 128 GB AKILLI TELEFON SİYAH,7.999,https://cdn.vatanbilgisayar.com/Upload/PRODUCT/apple/thumb/113138_small.jpg,/iphone-11-128-gb-akilli-telefon-siyah-113138.html
https://www.vatanbilgisayar.com/apple/cep-telefonu-modelleri/?page=6,iPhone 11 PRO 64 GB GECE YEŞİLİ,11.999,https://cdn.vatanbilgisayar.com/Upload/PRODUCT/apple/thumb/TeoriV2-103992_small.jpg,/iphone-11-pro-64-gb-gece-yesili.html
https://www.vatanbilgisayar.com/apple/cep-telefonu-modelleri/?page=6,iPhone 11 PRO 64 GB UZAY GRİSİ,11.999,https://cdn.vatanbilgisayar.com/Upload/PRODUCT/apple/thumb/TeoriV2-103990-4_small.jpg,/iphone-11-pro-64-gb-uzay-girisi.html
https://www.vatanbilgisayar.com/apple/cep-telefonu-modelleri/?page=5,iPhone SE 64 GB AKILLI TELEFON KIRMIZI,5.099,https://cdn.vatanbilgisayar.com/Upload/PRODUCT/apple/thumb/TeoriV2-106863-2_small.jpg,/iphone-se-64-gb-akilli-telefon-kirmizi.html
https://www.vatanbilgisayar.com/apple/cep-telefonu-modelleri/?page=5,iPhone SE 64 GB AKILLI TELEFON BEYAZ,5.099,https://cdn.vatanbilgisayar.com/Upload/PRODUCT/apple/thumb/TeoriV2-106862-2_small.jpg,/iphone-se-64-gb-akilli-telefon-beyaz.html
https://www.vatanbilgisayar.com/apple/cep-telefonu-modelleri/?page=2,iPhone 12 PRO MAX 512 GB AKILLI TELEFON PASİFİK MAVİ,19.999,https://cdn.vatanbilgisayar.com/Upload/PRODUCT/apple/thumb/110672_small.jpg,/iphone-12-pro-max-512-gb-akilli-telefon-pasifik-mavi.html
https://www.vatanbilgisayar.com/apple/cep-telefonu-modelleri/?page=6,iPhone 11 64 GB AKILLI TELEFON SARI,7.499,https://cdn.vatanbilgisayar.com/Upload/PRODUCT/apple/thumb/TeoriV2-103987_small.jpg,/iphone-11-64-gb-akilli-telefon-sari.html
https://www.vatanbilgisayar.com/apple/cep-telefonu-modelleri/?page=6,iPhone 11 64 GB AKILLI TELEFON YEŞİL,7.499,https://cdn.vatanbilgisayar.com/Upload/PRODUCT/apple/thumb/TeoriV2-103983_small.jpg,/iphone-11-64-gb-akilli-telefon-yesil.html
https://www.vatanbilgisayar.com/apple/cep-telefonu-modelleri/?page=6,iPhone 11 64 GB AKILLI TELEFON KIRMIZI,7.499,https://cdn.vatanbilgisayar.com/Upload/PRODUCT/apple/thumb/TeoriV2-103980_small.jpg,/iphone-11-64-gb-akilli-telefon-kirmizi.html
https://www.vatanbilgisayar.com/apple/cep-telefonu-modelleri/?page=5,iPhone SE 64 GB AKILLI TELEFON SİYAH,5.099,https://cdn.vatanbilgisayar.com/Upload/PRODUCT/apple/thumb/iphone-se-gorseli-106858_small.jpg,/iphone-se-akilli-telefon.html
https://www.vatanbilgisayar.com/apple/cep-telefonu-modelleri/?page=5,iPhone 11 PRO 512 GB GECE YEŞİLİ,14.499,https://cdn.vatanbilgisayar.com/Upload/PRODUCT/apple/thumb/TeoriV2-104319_small.jpg,/iphone-11-pro-512-gb-gece-yesili.html
https://www.vatanbilgisayar.com/apple/cep-telefonu-modelleri/?page=5,iPhone 11 PRO 512 GB ALTIN,14.499,https://cdn.vatanbilgisayar.com/Upload/PRODUCT/apple/thumb/TeoriV2-104318_small.jpg,/iphone-11-pro-512-gb-altin.html
https://www.vatanbilgisayar.com/apple/cep-telefonu-modelleri/?page=2,iPhone 12 PRO MAX 512 GB AKILLI TELEFON ALTIN,19.999,https://cdn.vatanbilgisayar.com/Upload/PRODUCT/apple/thumb/110671_small.jpg,/iphone-12-pro-max-512-gb-akilli-telefon-altin.html
https://www.vatanbilgisayar.com/apple/cep-telefonu-modelleri/?page=2,iPhone 12 PRO MAX 512 GB AKILLI TELEFON GÜMÜŞ,19.999,https://cdn.vatanbilgisayar.com/Upload/PRODUCT/apple/thumb/110670_small.jpg,/iphone-12-pro-max-512-gb-akilli-telefon-gumus.html
https://www.vatanbilgisayar.com/apple/cep-telefonu-modelleri/?page=6,iPhone 11 256 GB AKILLI TELEFON SARI,9.299,https://cdn.vatanbilgisayar.com/Upload/PRODUCT/apple/thumb/TeoriV2-103979_small.jpg,/iphone-11-256-gb-akilli-telefon-sari.html
https://www.vatanbilgisayar.com/apple/cep-telefonu-modelleri/?page=6,iPhone 11 128 GB AKILLI TELEFON KIRMIZI,7.999,https://cdn.vatanbilgisayar.com/Upload/PRODUCT/apple/thumb/TeoriV2-103961_small.jpg,/iphone-11-128-gb-akilli-telefon-kirmizi.html
https://www.vatanbilgisayar.com/apple/cep-telefonu-modelleri/?page=4,iPhone 12 MİNİ 128 GB AKILLI TELEFON SİYAH,10.499,https://cdn.vatanbilgisayar.com/Upload/PRODUCT/apple/thumb/110640_small.jpg,/iphone-12-mini-128-gb-akilli-telefon-siyah.html
https://www.vatanbilgisayar.com/apple/cep-telefonu-modelleri/?page=5,iPhone 11 PRO 512 GB GÜMÜŞ,14.499,https://cdn.vatanbilgisayar.com/Upload/PRODUCT/apple/thumb/TeoriV2-104317_small.jpg,/iphone-11-pro-512-gb-gumus.html
https://www.vatanbilgisayar.com/apple/cep-telefonu-modelleri/?page=5,iPhone 11 PRO 512 GB UZAY GRİSİ,14.499,https://cdn.vatanbilgisayar.com/Upload/PRODUCT/apple/thumb/TeoriV2-104316_small.jpg,/iphone-11-pro-512-gb-uzay-gri.html
https://www.vatanbilgisayar.com/apple/cep-telefonu-modelleri/?page=2,iPhone 12 PRO MAX 512 GB AKILLI TELEFON GRAFİT,19.999,https://cdn.vatanbilgisayar.com/Upload/PRODUCT/apple/thumb/110669_small.jpg,/iphone-12-pro-max-512-gb-akilli-telefon-grafit.html
https://www.vatanbilgisayar.com/apple/cep-telefonu-modelleri/?page=2,iPhone 12 PRO MAX 256 GB AKILLI TELEFON PASİFİK MAVİ,17.999,https://cdn.vatanbilgisayar.com/Upload/PRODUCT/apple/thumb/110668_small.jpg,/iphone-12-pro-max-256-gb-akilli-telefon-pasifik-mavi.html
https://www.vatanbilgisayar.com/apple/cep-telefonu-modelleri/?page=6,iPhone 11 PRO 64 GB GÜMÜŞ,11.999,https://cdn.vatanbilgisayar.com/Upload/PRODUCT/apple/thumb/iphone-11-pro-gorseli-103883_small.jpg,/iphone-11-pro-akilli-telefon.html
https://www.vatanbilgisayar.com/apple/cep-telefonu-modelleri/?page=4,iPhone 12 MİNİ 64 GB AKILLI TELEFON YEŞİL,9.999,https://cdn.vatanbilgisayar.com/Upload/PRODUCT/apple/thumb/110639_small.jpg,/iphone-12-mini-64-gb-akilli-telefon-yesil.html
https://www.vatanbilgisayar.com/apple/cep-telefonu-modelleri/?page=4,iPhone 12 MİNİ 64 GB AKILLI TELEFON MAVİ,9.999,https://cdn.vatanbilgisayar.com/Upload/PRODUCT/apple/thumb/110638_small.jpg,/iphone-12-mini-64-gb-akilli-telefon-mavi.html
https://www.vatanbilgisayar.com/apple/cep-telefonu-modelleri/?page=4,iPhone 12 MİNİ 64 GB AKILLI TELEFON KIRMIZI,9.999,https://cdn.vatanbilgisayar.com/Upload/PRODUCT/apple/thumb/110637_small.jpg,/iphone-12-mini-64-gb-akilli-telefon-kirmizi.html
https://www.vatanbilgisayar.com/apple/cep-telefonu-modelleri/?page=2,iPhone 12 PRO MAX 256 GB AKILLI TELEFON ALTIN,17.999,https://cdn.vatanbilgisayar.com/Upload/PRODUCT/apple/thumb/110667_small.jpg,/iphone-12-pro-max-256-gb-akilli-telefon-altin.html
https://www.vatanbilgisayar.com/apple/cep-telefonu-modelleri/?page=6,iPhone XR 128 GB AKILLI TELEFON MAVİ,6.899,https://cdn.vatanbilgisayar.com/Upload/PRODUCT/apple/thumb/v2-92548_small.jpg,/iphone-xr-128-gb-akilli-telefon-mavi.html
https://www.vatanbilgisayar.com/apple/cep-telefonu-modelleri/?page=6,iPhone XR 128 GB AKILLI TELEFON CORAL,6.899,https://cdn.vatanbilgisayar.com/Upload/PRODUCT/apple/thumb/v2-92546_small.jpg,/iphone-xr-128-gb-akilli-telefon-coral.html
https://www.vatanbilgisayar.com/apple/cep-telefonu-modelleri/?page=6,iPhone XR 128 GB AKILLI TELEFON SARI,6.899,https://cdn.vatanbilgisayar.com/Upload/PRODUCT/apple/thumb/v2-92544_small.jpg,/iphone-xr-128-gb-akilli-telefon-sari.html
https://www.vatanbilgisayar.com/apple/cep-telefonu-modelleri/?page=4,iPhone 12 MİNİ 64 GB AKILLI TELEFON BEYAZ,9.999,https://cdn.vatanbilgisayar.com/Upload/PRODUCT/apple/thumb/110636_small.jpg,/iphone-12-mini-64-gb-akilli-telefon-beyaz.html
https://www.vatanbilgisayar.com/apple/cep-telefonu-modelleri/?page=4,iPhone 12 256 GB AKILLI TELEFON YEŞİL,12.499,https://cdn.vatanbilgisayar.com/Upload/PRODUCT/apple/thumb/iphone12-gorseli-110635_small.jpg,/iphone-12-256-gb-akilli-telefon-yesil.html
https://www.vatanbilgisayar.com/apple/cep-telefonu-modelleri/?page=2,iPhone 12 PRO MAX 256 GB AKILLI TELEFON GÜMÜŞ,17.999,https://cdn.vatanbilgisayar.com/Upload/PRODUCT/apple/thumb/110666_small.jpg,/iphone-12-pro-max-256-gb-akilli-telefon-gumus.html
https://www.vatanbilgisayar.com/apple/cep-telefonu-modelleri/?page=2,iPhone 12 PRO MAX 128 GB AKILLI TELEFON PASİFİK MAVİ,16.999,https://cdn.vatanbilgisayar.com/Upload/PRODUCT/apple/thumb/110664_small.jpg,/iphone-12-pro-max-128-gb-akilli-telefon-pasifik-mavi.html
https://www.vatanbilgisayar.com/apple/cep-telefonu-modelleri/?page=4,iPhone 12 256 GB AKILLI TELEFON MAVİ,12.499,https://cdn.vatanbilgisayar.com/Upload/PRODUCT/apple/thumb/iphone12-gorseli-110634_small.jpg,/iphone-12-256-gb-akilli-telefon-mavi.html
https://www.vatanbilgisayar.com/apple/cep-telefonu-modelleri/?page=4,iPhone 12 256 GB AKILLI TELEFON KIRMIZI,12.499,https://cdn.vatanbilgisayar.com/Upload/PRODUCT/apple/thumb/iphone12-gorseli-110633_small.jpg,/iphone-12-256-gb-akilli-telefon-kirmizi.html
https://www.vatanbilgisayar.com/apple/cep-telefonu-modelleri/?page=4,iPhone 12 256 GB AKILLI TELEFON BEYAZ,12.499,https://cdn.vatanbilgisayar.com/Upload/PRODUCT/apple/thumb/iphone12-gorseli-110632_small.jpg,/iphone-12-256-gb-akilli-telefon-beyaz.html
https://www.vatanbilgisayar.com/apple/cep-telefonu-modelleri/?page=3,iPhone 12 PRO 256 GB AKILLI TELEFON PASİFİK MAVİ,15.999,https://cdn.vatanbilgisayar.com/Upload/PRODUCT/apple/thumb/iphone12pro-gorseli-110656_small.jpg,/iphone-12-pro-256-gb-akilli-telefon-pasifik-mavi.html
https://www.vatanbilgisayar.com/apple/cep-telefonu-modelleri/?page=2,iPhone 12 PRO MAX 128 GB AKILLI TELEFON ALTIN,17.999,https://cdn.vatanbilgisayar.com/Upload/PRODUCT/apple/thumb/110663_small.jpg,/iphone-12-pro-max-128-gb-akilli-telefon-altin.html
https://www.vatanbilgisayar.com/apple/cep-telefonu-modelleri/?page=2,iPhone 12 PRO MAX 128 GB AKILLI TELEFON GÜMÜŞ,17.999,https://cdn.vatanbilgisayar.com/Upload/PRODUCT/apple/thumb/110662_small.jpg,/iphone-12-pro-max-128-gb-akilli-telefon-gumus.html
https://www.vatanbilgisayar.com/apple/cep-telefonu-modelleri/?page=2,iPhone 12 PRO MAX 128 GB AKILLI TELEFON GRAFİT,17.999,https://cdn.vatanbilgisayar.com/Upload/PRODUCT/apple/thumb/110661_small.jpg,/iphone-12-pro-max-128-gb-akilli-telefon-grafit.html
https://www.vatanbilgisayar.com/apple/cep-telefonu-modelleri/?page=4,iPhone 12 256 GB AKILLI TELEFON SİYAH,12.499,https://cdn.vatanbilgisayar.com/Upload/PRODUCT/apple/thumb/iphone12-gorseli-110631_small.jpg,/iphone-12-256-gb-akilli-telefon-siyah.html
https://www.vatanbilgisayar.com/apple/cep-telefonu-modelleri/?page=4,iPhone 12 128 GB AKILLI TELEFON YEŞİL,11.499,https://cdn.vatanbilgisayar.com/Upload/PRODUCT/apple/thumb/iphone12-gorseli-110630_small.jpg,/iphone-12-128-gb-akilli-telefon-yesil.html
https://www.vatanbilgisayar.com/apple/cep-telefonu-modelleri/?page=3,iPhone 12 PRO 256 GB AKILLI TELEFON ALTIN,15.999,https://cdn.vatanbilgisayar.com/Upload/PRODUCT/apple/thumb/iphone12pro-gorseli-110655_small.jpg,/iphone-12-pro-256-gb-akilli-telefon-altin.html
https://www.vatanbilgisayar.com/apple/cep-telefonu-modelleri/?page=2,iPhone 12 PRO 512 GB AKILLI TELEFON PASİFİK MAVİ,17.999,https://cdn.vatanbilgisayar.com/Upload/PRODUCT/apple/thumb/iphone12pro-gorseli-110660_small.jpg,/iphone-12-pro-512-gb-akilli-telefon-pasifik-mavi.html
https://www.vatanbilgisayar.com/apple/cep-telefonu-modelleri/?page=4,iPhone 12 128 GB AKILLI TELEFON KIRMIZI,11.499,https://cdn.vatanbilgisayar.com/Upload/PRODUCT/apple/thumb/iphone12-gorseli-110628_small.jpg,/iphone-12-128-gb-akilli-telefon-kirmizi.html
https://www.vatanbilgisayar.com/apple/cep-telefonu-modelleri/?page=4,iPhone 12 128 GB AKILLI TELEFON BEYAZ,11.499,https://cdn.vatanbilgisayar.com/Upload/PRODUCT/apple/thumb/iphone12-gorseli-110627_small.jpg,/iphone-12-128-gb-akilli-telefon-beyaz.html
https://www.vatanbilgisayar.com/apple/cep-telefonu-modelleri/?page=3,iPhone 12 PRO 256 GB AKILLI TELEFON GÜMÜŞ,15.999,https://cdn.vatanbilgisayar.com/Upload/PRODUCT/apple/thumb/iphone12pro-gorseli-110654_small.jpg,/iphone-12-pro-256-gb-akilli-telefon-gumus.html
https://www.vatanbilgisayar.com/apple/cep-telefonu-modelleri/?page=4,iPhone 12 64 GB AKILLI TELEFON YEŞİL,10.999,https://cdn.vatanbilgisayar.com/Upload/PRODUCT/apple/thumb/iphone12-gorseli-110625_small.jpg,/iphone-12-64-gb-akilli-telefon-yesil.html
https://www.vatanbilgisayar.com/apple/cep-telefonu-modelleri/?page=4,iPhone 12 64 GB AKILLI TELEFON KIRMIZI,10.999,https://cdn.vatanbilgisayar.com/Upload/PRODUCT/apple/thumb/iphone12-gorseli-110623_small.jpg,/iphone-12-64-gb-akilli-telefon-kirmizi.html
https://www.vatanbilgisayar.com/apple/cep-telefonu-modelleri/?page=3,iPhone 12 PRO 256 GB AKILLI TELEFON GRAFİT,15.999,https://cdn.vatanbilgisayar.com/Upload/PRODUCT/apple/thumb/iphone12pro-gorseli-110653_small.jpg,/iphone-12-pro-256-gb-akilli-telefon-grafit.html
https://www.vatanbilgisayar.com/apple/cep-telefonu-modelleri/?page=3,iPhone 12 PRO 128 GB AKILLI TELEFON PASİFİK MAVİ,14.999,https://cdn.vatanbilgisayar.com/Upload/PRODUCT/apple/thumb/iphone12pro-gorseli-110652_small.jpg,/iphone-12-pro-128-gb-akilli-telefon-pasifik-mavi.html
https://www.vatanbilgisayar.com/apple/cep-telefonu-modelleri/?page=4,iPhone 12 64 GB AKILLI TELEFON BEYAZ,10.999,https://cdn.vatanbilgisayar.com/Upload/PRODUCT/apple/thumb/iphone12-gorseli-110622_small.jpg,/iphone-12-64-gb-akilli-telefon-beyaz.html
https://www.vatanbilgisayar.com/apple/cep-telefonu-modelleri/?page=3,iPhone 12 PRO 128 GB AKILLI TELEFON ALTIN,14.999,https://cdn.vatanbilgisayar.com/Upload/PRODUCT/apple/thumb/iphone12pro-gorseli-110651_small.jpg,/iphone-12-pro-128-gb-akilli-telefon-altin.html
https://www.vatanbilgisayar.com/apple/cep-telefonu-modelleri/?page=3,iPhone 12 PRO 128 GB AKILLI TELEFON GÜMÜŞ,14.999,https://cdn.vatanbilgisayar.com/Upload/PRODUCT/apple/thumb/iphone12pro-gorseli-110650_small.jpg,/iphone-12-pro-128-gb-akilli-telefon-gumus.html
https://www.vatanbilgisayar.com/apple/cep-telefonu-modelleri/?page=3,iPhone 12 MİNİ 256 GB AKILLI TELEFON YEŞİL,11.499,https://cdn.vatanbilgisayar.com/Upload/PRODUCT/apple/thumb/110649_small.jpg,/iphone-12-mini-256-gb-akilli-telefon-yesil.html
https://www.vatanbilgisayar.com/apple/cep-telefonu-modelleri/?page=3,iPhone 12 MİNİ 256 GB AKILLI TELEFON MAVİ,11.499,https://cdn.vatanbilgisayar.com/Upload/PRODUCT/apple/thumb/110648_small.jpg,/iphone-12-mini-256-gb-akilli-telefon-mavi.html
https://www.vatanbilgisayar.com/apple/cep-telefonu-modelleri/?page=3,iPhone 12 MİNİ 256 GB AKILLI TELEFON KIRMIZI,11.499,https://cdn.vatanbilgisayar.com/Upload/PRODUCT/apple/thumb/110647_small.jpg,/iphone-12-mini-256-gb-akilli-telefon-kirmizi.html
https://www.vatanbilgisayar.com/apple/cep-telefonu-modelleri/?page=3,iPhone 12 MİNİ 256 GB AKILLI TELEFON BEYAZ,11.499,https://cdn.vatanbilgisayar.com/Upload/PRODUCT/apple/thumb/110646_small.jpg,/iphone-12-mini-256-gb-akilli-telefon-beyaz.html
https://www.vatanbilgisayar.com/apple/cep-telefonu-modelleri/?page=3,iPhone 12 MİNİ 256 GB AKILLI TELEFON SİYAH,11.499,https://cdn.vatanbilgisayar.com/Upload/PRODUCT/apple/thumb/110645_small.jpg,/iphone-12-mini-256-gb-akilli-telefon-siyah.html
https://www.vatanbilgisayar.com/apple/cep-telefonu-modelleri/?page=3,iPhone 12 MİNİ 128 GB AKILLI TELEFON YEŞİL,10.499,https://cdn.vatanbilgisayar.com/Upload/PRODUCT/apple/thumb/110644_small.jpg,/iphone-12-mini-128-gb-akilli-telefon-yesil.html
https://www.vatanbilgisayar.com/apple/cep-telefonu-modelleri/?page=3,iPhone 12 MİNİ 128 GB AKILLI TELEFON MAVİ,10.499,https://cdn.vatanbilgisayar.com/Upload/PRODUCT/apple/thumb/110643_small.jpg,/iphone-12-mini-128-gb-akilli-telefon-mavi.html
https://www.vatanbilgisayar.com/apple/cep-telefonu-modelleri/?page=3,iPhone 12 MİNİ 128 GB AKILLI TELEFON KIRMIZI,10.499,https://cdn.vatanbilgisayar.com/Upload/PRODUCT/apple/thumb/110642_small.jpg,/iphone-12-mini-128-gb-akilli-telefon-kirmizi.html
https://www.vatanbilgisayar.com/apple/cep-telefonu-modelleri/?page=3,iPhone 12 MİNİ 128 GB AKILLI TELEFON BEYAZ,10.499,https://cdn.vatanbilgisayar.com/Upload/PRODUCT/apple/thumb/110641_small.jpg,/iphone-12-mini-128-gb-akilli-telefon-beyaz.html
page,productName,productPrice,productImage,redirectPage
https://www.n11.com/telefon-ve-aksesuarlari?platformtipi=%C4%B0OS,Apple İphone 5S 16 GB Outlet Cep Telefonu  (Parmak İzi Yok),"799,00",https://n11scdn2.akamaized.net/a1/140/elektronik/ikinci-el-telefonlar/apple-iphone-5s-yenilenmis-parmak-izi-okumayan__0273754363688467.jpg,https://urun.n11.com/ikinci-el-telefonlar/apple-iphone-5s-16-gb-outlet-cep-telefonu-parmak-izi-yok-P327654024
https://www.n11.com/telefon-ve-aksesuarlari?platformtipi=%C4%B0OS,Apple iPhone 6S 16-32-64GB Parmak İzi Yok (Yenilenmiş),,https://n11scdn4.akamaized.net/a1/140/elektronik/ikinci-el-telefonlar/apple-iphone-6s-16gb-parmak-izi-yok-yenilenmis__0697804441693669.jpg,https://urun.n11.com/ikinci-el-telefonlar/apple-iphone-6s-16-32-64gb-parmak-izi-yok-yenilenmis-P369969154
https://www.n11.com/telefon-ve-aksesuarlari?platformtipi=%C4%B0OS,Apple İphone 6 16GB Gümüş (İthalatçı Garantili Outlet Ürün),"1.599,00",https://n11scdn2.akamaized.net/a1/140/elektronik/ikinci-el-telefonlar/apple-iphone-6-16gb-gumus-ithalatci-garantili-outlet-urun__1236016209185562.JPG,https://urun.n11.com/ikinci-el-telefonlar/apple-iphone-6-16gb-gumus-ithalatci-garantili-outlet-urun-P424285906
https://www.n11.com/telefon-ve-aksesuarlari?platformtipi=%C4%B0OS,Apple İphone 8 Plus 64GB Gold*TEŞHİR,,https://n11scdn.akamaized.net/a1/140/elektronik/ikinci-el-telefonlar/apple-iphone-8-plus-64gb-gold__0145596934912075.jpg,https://urun.n11.com/ikinci-el-telefonlar/apple-iphone-8-plus-64gb-goldteshir-P465970694
https://www.n11.com/telefon-ve-aksesuarlari?platformtipi=%C4%B0OS,Apple İphone 6s 32GB Rose Gold-(Parmak İzi Çalışmıyor),"1.289,00",https://n11scdn4.akamaized.net/a1/140/elektronik/ikinci-el-telefonlar/apple-iphone-6s-32gb-rose-gold-teshir__0961580648704064.jpg,https://urun.n11.com/ikinci-el-telefonlar/apple-iphone-6s-32gb-rose-gold-parmak-izi-calismiyor-P465973063
https://www.n11.com/telefon-ve-aksesuarlari?platformtipi=%C4%B0OS,Apple iPhone 5S (Yenilenmiş),,https://n11scdn2.akamaized.net/a1/140/elektronik/ikinci-el-telefonlar/apple-iphone-5s-yenilenmis-6-ay-garantili__0923909426315492.png,https://urun.n11.com/ikinci-el-telefonlar/apple-iphone-5s-yenilenmis-P465337128
https://www.n11.com/telefon-ve-aksesuarlari?platformtipi=%C4%B0OS,Apple İphone 6s 16GB Altın Rengi (İthalatçı Garantili Outlet Ürün,"4.949,00",https://n11scdn1.akamaized.net/a1/140/elektronik/ikinci-el-telefonlar/apple-iphone-6s-16gb-altin-rengi-ithalatci-garantili-outlet-urun__1046003194128561.JPG,https://urun.n11.com/ikinci-el-telefonlar/apple-iphone-6s-16gb-altin-rengi-ithalatci-garantili-outlet-urun-P425535080
https://www.n11.com/telefon-ve-aksesuarlari?platformtipi=%C4%B0OS,Apple İphone 5S 16 GB Outlet Cep Telefonu (12 Ay Garantili),,https://n11scdn1.akamaized.net/a1/140/elektronik/ikinci-el-telefonlar/apple-iphone-5s-akilli-cep-telefonu-yenilenmis__0206147206349826.jpg,https://urun.n11.com/ikinci-el-telefonlar/apple-iphone-5s-16-gb-outlet-cep-telefonu-12-ay-garantili-P327654048
https://www.n11.com/telefon-ve-aksesuarlari?platformtipi=%C4%B0OS,İphone 5s 16 GB Cep Telefonu Orjinal (Yenilenmiş) Parmak İzi Yok,"1.799,00",https://n11scdn.akamaized.net/a1/140/elektronik/ikinci-el-telefonlar/iphone-5s-16-gb-cep-telefonu-orjinal-yenilenmis-parmak-izi-yok__1067562872133655.jpeg,https://urun.n11.com/ikinci-el-telefonlar/iphone-5s-16-gb-cep-telefonu-orjinal-yenilenmis-parmak-izi-yok-P462133277
https://www.n11.com/telefon-ve-aksesuarlari?platformtipi=%C4%B0OS,Apple İphone 5S 16 GB Outlet Cep Telefonu ( 12 Ay Garantili ),,https://n11scdn1.akamaized.net/a1/140/elektronik/ikinci-el-telefonlar/apple-iphone-5s-16-gb-outlet-cep-telefonu__0206147206349826.jpg,https://urun.n11.com/ikinci-el-telefonlar/apple-iphone-5s-16-gb-outlet-cep-telefonu-12-ay-garantili-P399469903
https://www.n11.com/telefon-ve-aksesuarlari?platformtipi=%C4%B0OS,Apple iPhone 6 16-32-64GB Parmak İzi Yok (Yenilenmiş),"999,00",https://n11scdn1.akamaized.net/a1/140/elektronik/ikinci-el-telefonlar/apple-iphone-6-parmak-izi-yok-yenilenmis__1281576280143106.jpg,https://urun.n11.com/ikinci-el-telefonlar/apple-iphone-6-16-32-64gb-parmak-izi-yok-yenilenmis-P369100015
https://www.n11.com/telefon-ve-aksesuarlari?platformtipi=%C4%B0OS,Apple iPhone 7 32GB-128GB (Yenilenmiş),,https://n11scdn2.akamaized.net/a1/140/elektronik/ikinci-el-telefonlar/apple-iphone-7-32gb-128gb-yenilenmis-6-ay-garantili__0969096235138892.jpg,https://urun.n11.com/ikinci-el-telefonlar/apple-iphone-7-32gb-128gb-yenilenmis-P458185440
https://www.n11.com/telefon-ve-aksesuarlari?platformtipi=%C4%B0OS,Apple İphone 7 32 GB Teşhir Cep Telefonu (12 Ay Garantili),"1.539,00",https://n11scdn1.akamaized.net/a1/140/elektronik/ikinci-el-telefonlar/apple-iphone-7-32-gb-teshir-cep-telefonu-12-ay-garantili__0515168365410801.jpg,https://urun.n11.com/ikinci-el-telefonlar/apple-iphone-7-32-gb-teshir-cep-telefonu-12-ay-garantili-P444838608
https://www.n11.com/telefon-ve-aksesuarlari?platformtipi=%C4%B0OS,Apple İphone 6 Plus 16 GB Outlet Cep Telefonu (12 Ay Garantili),,https://n11scdn3.akamaized.net/a1/140/elektronik/ikinci-el-telefonlar/apple-iphone-6-plus-16-gb-akilli-cep-telefonu-yenilemis__0212240389315598.jpeg,https://urun.n11.com/ikinci-el-telefonlar/apple-iphone-6-plus-16-gb-outlet-cep-telefonu-12-ay-garantili-P330040464
https://www.n11.com/telefon-ve-aksesuarlari?platformtipi=%C4%B0OS,Apple iPhone 6s - 16 Gb ( Outlet/Teşhir ) Cep Telefonu,"899,00",https://n11scdn4.akamaized.net/a1/140/elektronik/ikinci-el-telefonlar/apple-iphone-6s-16-gb-outletteshir-cep-telefonu__0875512207196959.jpg,https://urun.n11.com/ikinci-el-telefonlar/apple-iphone-6s-16-gb-outletteshir-cep-telefonu-P464032728
https://www.n11.com/telefon-ve-aksesuarlari?platformtipi=%C4%B0OS,Apple İphone 6S 16 GB Outlet Cep Telefonu (12 Ay Garantili),,https://n11scdn3.akamaized.net/a1/140/elektronik/ikinci-el-telefonlar/apple-iphone-6s-parmak-izi-okumayan-yenilenmis__0627019896997393.jpg,https://urun.n11.com/ikinci-el-telefonlar/apple-iphone-6s-16-gb-outlet-cep-telefonu-12-ay-garantili-P327654113
https://www.n11.com/telefon-ve-aksesuarlari?platformtipi=%C4%B0OS,Apple iPhone 6S 64 GB Outlet Cep Telefonu (12 Ay Garantili),"749,00",https://n11scdn1.akamaized.net/a1/140/elektronik/ikinci-el-telefonlar/apple-iphone-6s-64-gb-outlet-cep-telefonu-12-ay-garantili__1413769373620961.jpg,https://urun.n11.com/ikinci-el-telefonlar/apple-iphone-6s-64-gb-outlet-cep-telefonu-12-ay-garantili-P409620066
https://www.n11.com/telefon-ve-aksesuarlari?platformtipi=%C4%B0OS,Apple iPhone 8 Siyah 256 GB (12 Ay Garantili) Yenilenmiş,,https://n11scdn3.akamaized.net/a1/140/elektronik/ikinci-el-telefonlar/apple-iphone-8-siyah-256-gb-12-ay-garantili-yenilenmis__0984416616404853.jpeg,https://urun.n11.com/ikinci-el-telefonlar/apple-iphone-8-siyah-256-gb-12-ay-garantili-yenilenmis-P459609239
https://www.n11.com/telefon-ve-aksesuarlari?platformtipi=%C4%B0OS,IPHONE 7 PLUS 128 GB RED (SPECIAL EDITION) IKINCI EL,"899,00",https://n11scdn4.akamaized.net/a1/140/elektronik/ikinci-el-telefonlar/iphone-7-plus-128-gb-red-special-edition-ikinci-el__0598064411384709.jpeg,https://urun.n11.com/ikinci-el-telefonlar/iphone-7-plus-128-gb-red-special-edition-ikinci-el-P456688409
https://www.n11.com/telefon-ve-aksesuarlari?platformtipi=%C4%B0OS,Apple iPhone 6S Plus 16-32GB (Yenilenmiş),,https://n11scdn.akamaized.net/a1/140/elektronik/ikinci-el-telefonlar/apple-iphone-6s-plus-16-64gb-yenilenmis-6-ay-garantili__0363154847323610.jpg,https://urun.n11.com/ikinci-el-telefonlar/apple-iphone-6s-plus-16-32gb-yenilenmis-P458192587
https://www.n11.com/telefon-ve-aksesuarlari?platformtipi=%C4%B0OS,Apple iPhone 7 32 GB 2.El Telefon (12 Ay Garantili),"1.399,00",https://n11scdn.akamaized.net/a1/140/elektronik/ikinci-el-telefonlar/apple-iphone-7-32-gb-2el-telefon-12-ay-garantili__1197366349882300.jpg,https://urun.n11.com/ikinci-el-telefonlar/apple-iphone-7-32-gb-yenilenmis-2el-telefon-12-ay-garantili-P467155580
https://www.n11.com/telefon-ve-aksesuarlari?platformtipi=%C4%B0OS,Apple iPhone 6S 64GB (Yenilenmiş),,https://n11scdn4.akamaized.net/a1/140/elektronik/ikinci-el-telefonlar/apple-iphone-6s-64gb-yenilenmis__0697804441693669.jpg,https://urun.n11.com/ikinci-el-telefonlar/apple-iphone-6s-64gb-yenilenmis-P369585381
https://www.n11.com/telefon-ve-aksesuarlari?platformtipi=%C4%B0OS,Apple iPhone 5S (Yenilenmiş),"2.699,00",https://n11scdn2.akamaized.net/a1/140/elektronik/ikinci-el-telefonlar/apple-iphone-5s-yenilenmis__1155828182126072.jpg,https://urun.n11.com/ikinci-el-telefonlar/apple-iphone-5s-yenilenmis-P369101284
https://www.n11.com/telefon-ve-aksesuarlari?platformtipi=%C4%B0OS,Apple iPhone 6S Plus 16GB (Yenilenmiş),,https://n11scdn2.akamaized.net/a1/140/elektronik/ikinci-el-telefonlar/apple-iphone-6s-plus-16gb-yenilenmis__1595449156110817.jpg,https://urun.n11.com/ikinci-el-telefonlar/apple-iphone-6s-plus-16gb-yenilenmis-P369584967
https://www.n11.com/telefon-ve-aksesuarlari?platformtipi=%C4%B0OS,Apple iPhone 6S 16-32-64GB (Yenilenmiş),"2.499,00",https://n11scdn1.akamaized.net/a1/140/elektronik/ikinci-el-telefonlar/apple-iphone-6s-16gb-yenilenmis__0552401811488901.jpg,https://urun.n11.com/ikinci-el-telefonlar/apple-iphone-6s-16-32-64gb-yenilenmis-P372872964
https://www.n11.com/telefon-ve-aksesuarlari?platformtipi=%C4%B0OS,Apple iPhone 6 Plus 16-64GB (Yenilenmiş),,https://n11scdn3.akamaized.net/a1/140/elektronik/ikinci-el-telefonlar/apple-iphone-6-plus-16gb-yenilenmis__0203074820996663.jpg,https://urun.n11.com/ikinci-el-telefonlar/apple-iphone-6-plus-16-64gb-yenilenmis-P369788555
https://www.n11.com/telefon-ve-aksesuarlari?platformtipi=%C4%B0OS,Apple iPhone 7 32-128GB Parmak İzi Yok (Yenilenmiş),"1.799,00",https://n11scdn4.akamaized.net/a1/140/elektronik/ikinci-el-telefonlar/apple-iphone-7-32gb-gumus-parmak-izi-yok-yenilenmis__0597051227824169.jpg,https://urun.n11.com/ikinci-el-telefonlar/apple-iphone-7-32-128gb-parmak-izi-yok-yenilenmis-P369961960
https://www.n11.com/telefon-ve-aksesuarlari?platformtipi=%C4%B0OS,Apple iPhone 6 16 GB 2.El Telefon (12 Ay Garantili),,https://n11scdn2.akamaized.net/a1/140/elektronik/ikinci-el-telefonlar/apple-iphone-6-16-gb-2el-telefon-12-ay-garantili__1478162039337642.jpg,https://urun.n11.com/ikinci-el-telefonlar/apple-iphone-6-16-gb-yenilenmis-2el-telefon-12-ay-garantili-P467151215
page,productName,productPrice,productImage,redirectPage
https://www.teknosa.com/iphone-ios-telefonlar-c-100001001,Apple iPhone SE 64GB Black Akıllı Telefon,5.099,https://reimg-teknosa-cloud-prod.mncdn.com/mnresize/200/200/productimage/125077585/125077585_0_MC/43850649.jpg,/apple-iphonese-64gbblack-akilli-telefon-p-125077585
https://www.teknosa.com/iphone-ios-telefonlar-c-100001001,Apple iPhone SE 64GB White Akıllı Telefon,4.899,https://reimg-teknosa-cloud-prod.mncdn.com/mnresize/200/200/productimage/125077586/125077586_0_MC/43850361.jpg,/apple-iphone-se-64gb-white-akilli-telefon-p-125077586
https://www.teknosa.com/iphone-ios-telefonlar-c-100001001,Apple iPhone 11 Pro 64GB Silver Akıllı Telefon,5.099,https://reimg-teknosa-cloud-prod.mncdn.com/mnresize/200/200/productimage/125077289/125077289_0_MC/34790259.jpg,/apple-iphone-11-pro-64gb-silver-akilli-telefon-p-125077289
https://www.teknosa.com/iphone-ios-telefonlar-c-100001001,Apple iPhone SE 128GB Red Akıllı Telefon,4.899,https://reimg-teknosa-cloud-prod.mncdn.com/mnresize/200/200/productimage/125077590/125077590_0_MC/43850420.jpg,/apple-iphone-se-128gb-red-akilli-telefon-p-125077590
https://www.teknosa.com/iphone-ios-telefonlar-c-100001001,Apple iPhone SE 128GB Black Akıllı Telefon,5.099,https://reimg-teknosa-cloud-prod.mncdn.com/mnresize/200/200/productimage/125077588/125077588_0_MC/43850647.jpg,/apple-iphone-se-128gb-black-akilli-telefon-p-125077588
https://www.teknosa.com/iphone-ios-telefonlar-c-100001001,Apple iPhone 11 Pro Max 64GB Space Grey Akıllı Telefon,4.899,https://reimg-teknosa-cloud-prod.mncdn.com/mnresize/200/200/productimage/125077300/125077300_0_MC/34790429.jpg,/apple-iphone-11-pro-max-64gb-space-grey-akilli-telefon-p-125077300
https://www.teknosa.com/iphone-ios-telefonlar-c-100001001,Apple iPhone 11 Pro Max 64GB Silver Akıllı Telefon,5.099,https://reimg-teknosa-cloud-prod.mncdn.com/mnresize/200/200/productimage/125077301/125077301_0_MC/34790452.jpg,/apple-iphone-11-pro-max-64gb-silver-akilli-telefon-p-125077301
https://www.teknosa.com/iphone-ios-telefonlar-c-100001001,Apple iPhone SE 256GB Black Akıllı Telefon,4.899,https://reimg-teknosa-cloud-prod.mncdn.com/mnresize/200/200/productimage/125077591/125077591_0_MC/43850654.jpg,/apple-iphone-se-256gb-black-akilli-telefon-p-125077591
https://www.teknosa.com/iphone-ios-telefonlar-c-100001001,Apple iPhone SE 256GB Red Akıllı Telefon,11.999,https://reimg-teknosa-cloud-prod.mncdn.com/mnresize/200/200/productimage/125077593/125077593_0_MC/43850427.jpg,/apple-iphone-se-256gb-red-akilli-telefon-p-125077593
https://www.teknosa.com/iphone-ios-telefonlar-c-100001001,Apple iPhone SE 256GB White Akıllı Telefon,11.999,https://reimg-teknosa-cloud-prod.mncdn.com/mnresize/200/200/productimage/125077592/125077592_0_MC/43850357.jpg,/apple-iphone-se-256gb-white-akilli-telefon-p-125077592
https://www.teknosa.com/iphone-ios-telefonlar-c-100001001,Apple iPhone 11 Pro Max 512GB Gold Akıllı Telefon,5.549,https://reimg-teknosa-cloud-prod.mncdn.com/mnresize/200/200/productimage/125077310/125077310_0_MC/34790568.jpg,/apple-iphone-11-pro-max-512gb-gold-akilli-telefon-p-125077310
https://www.teknosa.com/iphone-ios-telefonlar-c-100001001,Apple iPhone 11 Pro 512GB Midnight Green Akıllı Telefon,5.549,https://reimg-teknosa-cloud-prod.mncdn.com/mnresize/200/200/productimage/125077299/125077299_0_MC/34790417.jpg,/apple-iphone-11-pro-512gb-midnight-green-akilli-telefon-p-125077299
https://www.teknosa.com/iphone-ios-telefonlar-c-100001001,Apple iPhone 12 Mini 64GB White Akıllı Telefon,5.549,https://reimg-teknosa-cloud-prod.mncdn.com/mnresize/200/200/productimage/125077827/125077827_0_MC/47111438.jpg,/apple-iphone-12-mini-64gb-white-akilli-telefon-p-125077827
https://www.teknosa.com/iphone-ios-telefonlar-c-100001001,Apple iPhone XR 64GB White Akıllı Telefon,5.549,https://reimg-teknosa-cloud-prod.mncdn.com/mnresize/200/200/productimage/125076911/125076911_0_MC/8799516033074_1557493295422.jpg,/apple-iphone-xr-64gb-white-akilli-telefon-p-125076911
https://www.teknosa.com/iphone-ios-telefonlar-c-100001001,Apple iPhone XR 128GB (Product)Red Akıllı Telefon,13.199,https://reimg-teknosa-cloud-prod.mncdn.com/mnresize/200/200/productimage/125076890/125076890_0_MC/8800484163634_1557493293847.jpg,/apple-iphone-xr-128gb-productred-akilli-telefon-p-125076890
https://www.teknosa.com/iphone-ios-telefonlar-c-100001001,Apple iPhone XR 128GB Black Akıllı Telefon,12.799,https://reimg-teknosa-cloud-prod.mncdn.com/mnresize/200/200/productimage/125076891/125076891_0_MC/8803402711090_1557493277460.jpg,/apple-iphone-xr-128gb-black-akilli-telefon-p-125076891
https://www.teknosa.com/iphone-ios-telefonlar-c-100001001,Apple iPhone 11 256GB Purple Akıllı Telefon,13.199,https://reimg-teknosa-cloud-prod.mncdn.com/mnresize/200/200/productimage/125077809/125077809_0_MC/47118250.jpg,/apple-iphone-11-256gb-purple-akilli-telefon-p-125077809
https://www.teknosa.com/iphone-ios-telefonlar-c-100001001,Apple iPhone 12 256GB (Product)Red Akıllı Telefon,12.799,https://reimg-teknosa-cloud-prod.mncdn.com/mnresize/200/200/productimage/125077823/125077823_0_MC/47111361.jpg,/apple-iphone-12-256gb-productred-akilli-telefon-p-125077823
https://www.teknosa.com/iphone-ios-telefonlar-c-100001001,Apple iPhone 12 Mini 64GB (Product)Red Akıllı Telefon,13.199,https://reimg-teknosa-cloud-prod.mncdn.com/mnresize/200/200/productimage/125077828/125077828_0_MC/47111464.jpg,/apple-iphone-12-mini-64gb-productred-akilli-telefon-p-125077828
https://www.teknosa.com/iphone-ios-telefonlar-c-100001001,Apple iPhone 12 Mini 256GB White Akıllı Telefon,12.799,https://reimg-teknosa-cloud-prod.mncdn.com/mnresize/200/200/productimage/125077837/125077837_0_MC/47111563.jpg,/apple-iphone-12-mini-256gb-white-akilli-telefon-p-125077837
page,productName,productPrice,productImage,redirectPage
https://www.evkur.com.tr/apple-cep-telefonlari/,Apple iPhone 11 64GB Beyaz (Kulaklık ve Şarj Cihazı Kutunun İçindedir),"7,999",https://cdn.evkur.com.tr/c/Product/thumbs/iphone-11-64gb-white-1_i5emr1_250.jpg,/apple-iphone-11-64gb-beyaz-kulaklik-sarj-cihazi
https://www.evkur.com.tr/apple-cep-telefonlari/,Apple iPhone 11 64GB Beyaz (New Edt),"7,799",https://cdn.evkur.com.tr/c/Product/thumbs/iphone-11-64gb-white-1_i5emr1_250.jpg,/apple-iphone-11-64gb-beyaz
https://www.evkur.com.tr/apple-cep-telefonlari/,Apple iPhone SE 64GB Beyaz (Kulaklık ve Şarj Cihazı Kutunun İçindedir),"5,299",https://cdn.evkur.com.tr/c/Product/thumbs/iphone-se-64gb-white-1_b0mwd9_250.jpg,/apple-iphone-se-64gb-beyaz-kulaklik-sarj-cihazi
https://www.evkur.com.tr/apple-cep-telefonlari/,Apple iPhone SE 64GB Kırmızı (Kulaklık ve Şarj Cihazı Kutunun İçindedir),"5,299",https://cdn.evkur.com.tr/c/Product/thumbs/iphone-se-64gb-red-1_x5xde3_250.jpg,/apple-iphone-se-64gb-kirmizi-kulaklik-sarj-cihazi
https://www.evkur.com.tr/apple-cep-telefonlari/,Apple iPhone SE 64GB Siyah (Kulaklık ve Şarj Cihazı Kutunun İçindedir),"5,299",https://cdn.evkur.com.tr/c/Product/thumbs/iphone-se-64gb-black-1_e0sho4_i1d0lq_250.jpg,/apple-iphone-se-64gb-siyah-kulaklik-sarj-cihazi
https://www.evkur.com.tr/apple-cep-telefonlari/,Apple iPhone XR 64GB Siyah (Kulaklık ve Şarj Cihazı Kutunun İçindedir),"6,999",https://cdn.evkur.com.tr/c/Product/thumbs/iphone-xr-06_q3w6ei_250.jpg,/apple-iphone-xr-64gb-siyah
https://www.evkur.com.tr/apple-cep-telefonlari/,Apple iPhone XR 64GB Kırmızı (Kulaklık ve Şarj Cihazı Kutunun İçindedir),"6,999",https://cdn.evkur.com.tr/c/Product/thumbs/iphone-xr_j2tfg0_250.jpg,/apple-iphone-xr-64gb-kirmizi
https://www.evkur.com.tr/apple-cep-telefonlari/,Apple iPhone XR 64GB Beyaz (Kulaklık ve Şarj Cihazı Kutunun İçindedir),"6,999",https://cdn.evkur.com.tr/c/Product/thumbs/iphone-xr_ec07qo_250.jpg,/apple-iphone-xr-64gb-beyaz
https://www.evkur.com.tr/apple-cep-telefonlari/,Apple iPhone 11 64GB Siyah (Kulaklık ve Şarj Cihazı Kutunun İçindedir),"7,999",https://cdn.evkur.com.tr/c/Product/thumbs/s5_j6h2st_250.jpg,/apple-iphone-11-64gb-siyah
https://www.evkur.com.tr/apple-cep-telefonlari/,Apple iPhone 11 64GB Kırmızı (Kulaklık ve Şarj Cihazı Kutunun İçindedir),"7,999",https://cdn.evkur.com.tr/c/Product/thumbs/iphone-11-64gb-red-2_pp32eg_gr3f5r_250.jpg,/apple-iphone-11-64gb-kirmizi-kulaklik-sarj-cihazi
https://www.evkur.com.tr/apple-cep-telefonlari/,Apple iPhone 11 64GB Siyah (New Edt),"7,799",https://cdn.evkur.com.tr/c/Product/thumbs/s5_j6h2st_250.jpg,/apple-iphone-11-64gb-siyah-
https://www.evkur.com.tr/apple-cep-telefonlari/,Apple iPhone 11 64GB Yeşil (New Edt),"7,799",https://cdn.evkur.com.tr/c/Product/thumbs/iphone-11-yesil_lj42dw_250.jpg,/apple-iphone-11-64gb-yesil
https://www.evkur.com.tr/apple-cep-telefonlari/,Apple iPhone 11 64GB Mor (New Edt),"7,799",https://cdn.evkur.com.tr/c/Product/thumbs/7961541600-lo1-20190924-093621_r5nkd1_250.png,/apple-iphone-11-64gb-mor
